<?xml version="1.0" encoding="UTF-8"?>
<!DOCTYPE suite SYSTEM "https://testng.org/testng-1.0.dtd">
<suite parallel="classes" name="Suite" verbose="2">
  <test thread-count="3" parallel="classes" name="Test">
    <classes>
      <class name="testcase.EditLead"/>
      <class name="testcase.DeleteLead"/>
      <class name="testcase.CreateLead"/>
      <class name="testcase.MergeLead"/>
      <class name="testcase.DuplicateLead"/>
    </classes>
  </test> <!-- Test -->
</suite> <!-- Suite -->
